<?xml version="1.0" encoding="UTF-8"?>
<library type="base_library" version="0.82" name="kanga-base-library">
    <processor category="input_stream" node_type="SOURCE" storm_node_type="spout">
        <name>from_file</name>
        <class_name>com.sec.kanga.spout.FileReaderSpout</class_name>
        <md_file>source_filereader_processor.md</md_file>
        <field type="text" default="" mandatory="true">
            <field_name>output_name</field_name>
            <placeholder>Output name to be changed</placeholder>
        </field>
        <field type="text" default="" mandatory="true">
            <field_name>file_path</field_name>
            <placeholder>full file path to read</placeholder>
        </field>
        <field type="text" default="" mandatory="true">
            <field_name>sleeping_time</field_name>
            <placeholder>sleeping time when to read between lines</placeholder>
        </field>
        <field type="dropdown" default="RAW" mandatory="true">
            <field_name>event_type</field_name>
            <options>
                <option>RAW</option>
                <option>DATA</option>
                <option>COLLECTION</option>
            </options>
        </field>
    </processor>


    <processor category="input_stream" node_type="SOURCE" storm_node_type="spout">
        <name>from_rabbitmq</name>
        <class_name>com.sec.kanga.spout.PassthroughFromRabbitMQ</class_name>
        <md_file>source_passthruoughfromkafka_processor.md</md_file>
        <field type="text" default="" mandatory="true">
            <field_name>output_name</field_name>
            <placeholder>Output name when emitted</placeholder>
        </field>
        <field type="text" default="localhost:9092" mandatory="true">
            <field_name>rabbitmq_server</field_name>
            <placeholder>IP (e.g. 10.251.21.176)</placeholder>
        </field>
        <field type="text" default="localhost:9092" mandatory="true">
            <field_name>prefetch_count</field_name>
            <placeholder>allow you to limit the number of unacknowledged messages on a channel (or connection) when
                consuming
            </placeholder>
        </field>
        <field type="text" default="" mandatory="true">
            <field_name>topic_name</field_name>
            <placeholder>Topic name to subscribe</placeholder>
        </field>
        <field type="dropdown" default="RAW" mandatory="true">
            <field_name>event_type</field_name>
            <options>
                <option>RAW</option>
                <option>DATA</option>
                <option>COLLECTION</option>
            </options>
        </field>
    </processor>


    <processor category="input_stream" node_type="SOURCE" storm_node_type="spout">
        <name>from_kafka</name>
        <class_name>com.sec.kanga.spout.PassthroughFromKafka</class_name>
        <md_file>source_passthruoughfromkafka_processor.md</md_file>
        <field type="text" default="" mandatory="true">
            <field_name>output_name</field_name>
            <placeholder>Output name when emitted</placeholder>
        </field>
        <field type="text" default="localhost:9092" mandatory="true">
            <field_name>kafka_server</field_name>
            <placeholder>IP:Port to access Kafka. (e.g. 10.251.21.176:9092)</placeholder>
        </field>
        <field type="text" default="" mandatory="true">
            <field_name>group_id</field_name>
            <placeholder>Kafka consumer group id</placeholder>
        </field>
        <field type="dropdown" default="RANDOM" mandatory="true">
            <field_name>group_id_suffix</field_name>
            <options>
                <option>NONE</option>
                <option>RANDOM</option>
            </options>
        </field>
        <field type="text" default="" mandatory="true">
            <field_name>topic_name</field_name>
            <placeholder>Topic name to subscribe</placeholder>
        </field>
        <field type="text" default="1" mandatory="true">
            <field_name>fetch_min_bytes</field_name>
            <placeholder>The minimum amount of data the server should return for a fetch request.</placeholder>
        </field>
        <field type="text" default="500" mandatory="true">
            <field_name>fetch_wait_max_ms</field_name>
            <placeholder>The maximum amount of time the server will block before answering the fetch request if there
                isn't sufficient data to immediately satisfy fetch.min.bytes
            </placeholder>
        </field>
        <field type="text" default="1" mandatory="true">
            <field_name>throttle_size</field_name>
            <placeholder>Sampling size to throttle a given throughput for safety</placeholder>
        </field>
        <field type="dropdown" default="RAW" mandatory="true">
            <field_name>event_type</field_name>
            <options>
                <option>RAW</option>
                <option>DATA</option>
                <option>COLLECTION</option>
            </options>
        </field>
    </processor>


    <processor category="input_stream" node_type="SOURCE" storm_node_type="spout">
        <name>from_kafka_with_splitter</name>
        <class_name>com.sec.kanga.spout.PassthroughFromKafkaWithSplitter</class_name>
        <md_file>source_passthruoughfromkafka_processor.md</md_file>
        <field type="text" default="" mandatory="true">
            <field_name>output_name</field_name>
            <placeholder>Output name when emitted</placeholder>
        </field>
        <field type="text" default="localhost:9092" mandatory="true">
            <field_name>kafka_server</field_name>
            <placeholder>IP:Port to access Kafka. (e.g. 10.251.21.176:9092)</placeholder>
        </field>
        <field type="text" default="" mandatory="true">
            <field_name>group_id</field_name>
            <placeholder>Kafka consumer group id</placeholder>
        </field>
        <field type="dropdown" default="RANDOM" mandatory="true">
            <field_name>group_id_suffix</field_name>
            <options>
                <option>NONE</option>
                <option>RANDOM</option>
            </options>
        </field>
        <field type="text" default="" mandatory="true">
            <field_name>topic_name</field_name>
            <placeholder>Topic name to subscribe</placeholder>
        </field>
        <field type="text" default="1" mandatory="true">
            <field_name>fetch_min_bytes</field_name>
            <placeholder>The minimum amount of data the server should return for a fetch request.</placeholder>
        </field>
        <field type="text" default="500" mandatory="true">
            <field_name>fetch_wait_max_ms</field_name>
            <placeholder>The maximum amount of time the server will block before answering the fetch request if there
                isn't sufficient data to immediately satisfy fetch.min.bytes
            </placeholder>
        </field>
        <field type="text" default="1" mandatory="true">
            <field_name>throttle_size</field_name>
            <placeholder>Sampling size to throttle (e.g. 1=every, 10=one per every 10) for traffic safety</placeholder>
        </field>
        <field type="text" default="" mandatory="true">
            <field_name>delimiter</field_name>
            <placeholder>Delimiter for splitting</placeholder>
        </field>
        <field type="dropdown" default="RAW" mandatory="true">
            <field_name>event_type</field_name>
            <options>
                <option>RAW</option>
                <option>DATA</option>
                <option>COLLECTION</option>
            </options>
        </field>
    </processor>


    <processor category="output_stream" node_type="SINK" storm_node_type="bolt">
        <name>to_file</name>
        <class_name>com.sec.kanga.bolt.sink.SaveToFile</class_name>
        <md_file>sink_savetofile_processor.md</md_file>
        <field type="text" default="" mandatory="true">
            <field_name>output_file_path</field_name>
            <placeholder>full file path to write</placeholder>
        </field>
    </processor>

    <processor category="output_stream" node_type="SINK" storm_node_type="bolt">
        <name>to_kafka</name>
        <class_name>com.sec.kanga.bolt.sink.SaveToKafka</class_name>
        <md_file>sink_savetokafka_processor.md</md_file>
        <field type="text" default="" mandatory="true">
            <field_name>output_name</field_name>
            <placeholder>Output name when emitted</placeholder>
        </field>
        <field type="text" default="localhost:9092" mandatory="true">
            <field_name>kafka_server</field_name>
            <placeholder>IP:Port to access Kafka. (e.g. 10.251.21.176:9092)</placeholder>
        </field>
        <field type="text" default="" mandatory="true">
            <field_name>topic_name</field_name>
            <placeholder>Topic name to subscribe</placeholder>
        </field>
        <field type="text" default="" mandatory="true">
            <field_name>batch_size</field_name>
            <placeholder>Max number to save messages at a time</placeholder>
        </field>
        <field type="dropdown" default="0" mandatory="true">
            <field_name>acks</field_name>
            <options>
                <option>0</option>
                <option>1</option>
                <option>ALL</option>
            </options>
        </field>
        <field type="dropdown" default="none" mandatory="true">
            <field_name>compression_type</field_name>
            <options>
                <option>none</option>
                <option>gzip</option>
                <option>snappy</option>
                <option>lz4</option>
            </options>
        </field>
        <field type="text" default="10" mandatory="true">
            <field_name>linger_ms</field_name>
            <placeholder>Millisecond for batch send. Producer will wait for up to the given delay to allow other records
                to be sent so that the sends can be batched together.
            </placeholder>
        </field>
        <field type="dropdown" default="false" mandatory="true">
            <field_name>include_meta</field_name>
            <options>
                <option>true</option>
                <option>false</option>
            </options>
        </field>


    </processor>

    <processor category="transform" node_type="NORMAL" storm_node_type="bolt">
        <name>add_fields</name>
        <class_name>com.sec.kanga.bolt.transform.AddFieldBolt</class_name>
        <md_file>transform_addfields_processor.md</md_file>
        <field type="text" default="" mandatory="true">
            <field_name>input_field_name</field_name>
            <placeholder>Name of the field to be added</placeholder>
        </field>
        <field type="textarea" default="" mandatory="true">
            <field_name>value</field_name>
            <placeholder>It should be a valid JavaScript expression</placeholder>
        </field>
        <field type="text" default="" mandatory="true">
            <field_name>output_name</field_name>
            <placeholder>Output name to be changed</placeholder>
        </field>
    </processor>


    <processor category="collection" node_type="NORMAL" storm_node_type="bolt">
        <name>data_to_collection</name>
        <class_name>com.sec.kanga.bolt.collection.DataToCollectionBolt</class_name>
        <md_file>transform_addfields_processor.md</md_file>
        <field type="text" default="" mandatory="true">
            <field_name>output_name</field_name>
            <placeholder>Output name to be changed</placeholder>
        </field>
    </processor>


    <processor category="transform" node_type="NORMAL" storm_node_type="bolt">
        <name>remove_fields</name>
        <class_name>com.sec.kanga.bolt.transform.RemoveFieldsBolt</class_name>
        <md_file>transform_removefields_processor.md</md_file>
        <field type="text" default="" mandatory="true">
            <field_name>input_field_names</field_name>
            <placeholder>A comma-separated list of fields to be removed</placeholder>
        </field>
        <field type="text" default="" mandatory="true">
            <field_name>output_name</field_name>
            <placeholder>Output name to be changed</placeholder>
        </field>
    </processor>

    <processor category="transform" node_type="NORMAL" storm_node_type="bolt">
        <name>regex</name>
        <class_name>com.sec.kanga.bolt.transform.RegexBolt</class_name>
        <md_file>transform_regex_processor.md</md_file>
        <field type="text" default="" mandatory="true">
            <field_name>input_field_name</field_name>
            <placeholder>Name of the field to be parsed</placeholder>
        </field>
        <field type="text" default="" mandatory="true">
            <field_name>pattern</field_name>
            <placeholder>Regex pattern for parsing</placeholder>
        </field>
        <field type="text" default="" mandatory="true">
            <field_name>output_field_names</field_name>
            <placeholder>A comma-separated list of fields to be assigned parsing results</placeholder>
        </field>
        <field type="text" default="" mandatory="true">
            <field_name>output_field_types</field_name>
            <placeholder>A comma-separated list of java primitives for the output fields</placeholder>
        </field>
        <field type="text" default="" mandatory="true">
            <field_name>output_name</field_name>
            <placeholder>Output name to be changed</placeholder>
        </field>
    </processor>

    <processor category="transform" node_type="NORMAL" storm_node_type="bolt">
        <name>grok</name>
        <class_name>com.sec.kanga.bolt.transform.GrokBolt</class_name>
        <md_file>transform_grok_processor.md</md_file>
        <field type="text" default="" mandatory="true">
            <field_name>input_field_name</field_name>
            <placeholder>Give decomposes field name</placeholder>
        </field>
        <field type="text" default="" mandatory="true">
            <field_name>grok_pattern_file</field_name>
            <placeholder>Give grok pattern file path</placeholder>
        </field>
        <field type="text" default="" mandatory="true">
            <field_name>grok_field_list</field_name>
            <placeholder>Give grok field list</placeholder>
        </field>
        <field type="dropdown" default="" mandatory="true">
            <field_name>remove_source</field_name>
            <options>
                <option>TRUE</option>
                <option>FALSE</option>
            </options>
        </field>
        <field type="text" default="" mandatory="true">
            <field_name>output_name</field_name>
            <placeholder>Output name to be changed</placeholder>
        </field>
    </processor>

    <processor category="transform" node_type="NORMAL" storm_node_type="bolt">
        <name>rename_fields</name>
        <class_name>com.sec.kanga.bolt.transform.RenameFieldsBolt</class_name>
        <md_file>transform_renamefields_processor.md</md_file>
        <field type="text" default="" mandatory="true">
            <field_name>output_field_names</field_name>
            <placeholder>New name of the field</placeholder>
        </field>
        <field type="text" default="" mandatory="true">
            <field_name>input_field_names</field_name>
            <placeholder>The old name to be changed</placeholder>
        </field>
        <field type="text" default="" mandatory="true">
            <field_name>output_name</field_name>
            <placeholder>Output name to be changed</placeholder>
        </field>
    </processor>

    <processor category="transform" node_type="NORMAL" storm_node_type="bolt">
        <name>split</name>
        <class_name>com.sec.kanga.bolt.transform.SplitBolt</class_name>
        <md_file>transform_split_processor.md</md_file>
        <field type="text" default="" mandatory="true">
            <field_name>input_field_name</field_name>
            <placeholder>Field to be splitted</placeholder>
        </field>
        <field type="text" default="" mandatory="true">
            <field_name>delimiter</field_name>
            <placeholder>Delimiter for splitting</placeholder>
        </field>
        <field type="text" default="" mandatory="true">
            <field_name>output_field_names</field_name>
            <placeholder>A comma-separated list of fields to be assigned splitting results</placeholder>
        </field>
        <field type="text" default="" mandatory="true">
            <field_name>output_name</field_name>
            <placeholder>Output name to be changed</placeholder>
        </field>
    </processor>

    <processor category="transform" node_type="NORMAL" storm_node_type="bolt">
        <name>script</name>
        <class_name>com.sec.kanga.bolt.transform.ScriptBolt</class_name>
        <md_file>transform_script_processor.md</md_file>
        <field type="textarea" default="" mandatory="true">
            <field_name>script</field_name>
            <placeholder>Javascript to run on the fly</placeholder>
        </field>
        <field type="text" default="" mandatory="true">
            <field_name>output_name</field_name>
            <placeholder>Output name to be emitted</placeholder>
        </field>
    </processor>

    <processor category="join" node_type="JOIN" storm_node_type="bolt">
        <name>merge</name>
        <class_name>com.sec.kanga.bolt.join.MergeBolt</class_name>
        <md_file>join_merge_processor.md</md_file>
        <field type="text" default="" mandatory="true">
            <field_name>output_name</field_name>
            <placeholder>Output name to be changed</placeholder>
        </field>
    </processor>

    <processor category="join" node_type="JOIN" storm_node_type="bolt">
        <name>time_join</name>
        <class_name>com.sec.kanga.bolt.join.TimeJoinBolt</class_name>
        <md_file>join_timejoin_processor.md</md_file>
        <field type="text" default="" mandatory="true">
            <field_name>leading_data_name</field_name>
            <placeholder>Choose a segment as a leading factor</placeholder>
        </field>
        <field type="text" default="" mandatory="true">
            <field_name>max_wait_time_ms</field_name>
            <placeholder>Max wait time threshold</placeholder>
        </field>
        <field type="text" default="" mandatory="true">
            <field_name>output_name</field_name>
            <placeholder>Output name to be changed</placeholder>
        </field>
    </processor>

    <processor category="join" node_type="JOIN" storm_node_type="bolt">
        <name>state_join</name>
        <class_name>com.sec.kanga.bolt.join.ExtractAndJoinBolt</class_name>
        <md_file>join_extractandjoin_processor.md</md_file>
        <field type="textarea" default="" mandatory="true">
            <field_name>initialize_script</field_name>
            <placeholder>Initial values to the target variables as JSON format
                (e.g. var result = {"k1" : 0, "k3" : 0})
            </placeholder>
        </field>
        <field type="textarea" default="" mandatory="true">
            <field_name>assign_script</field_name>
            <placeholder>Assigning values in the event streams into the target variables
                (e.g. result.k1 = left.k1; result.k3 = right.k3;)
            </placeholder>
        </field>
        <field type="text" default="" mandatory="true">
            <field_name>output_name</field_name>
            <placeholder>Output name to be emitted (e.g. result)</placeholder>
        </field>
    </processor>

    <processor category="join" node_type="JOIN" storm_node_type="bolt">
        <name>bucket_join</name>
        <class_name>com.sec.kanga.bolt.join.BucketJoinBolt</class_name>
        <md_file>join_bucketjoin_processor.md</md_file>
        <field type="text" default="" mandatory="true">
            <field_name>left_data_name</field_name>
            <placeholder>Left data name</placeholder>
        </field>
        <field type="text" default="" mandatory="true">
            <field_name>right_data_name</field_name>
            <placeholder>Right data name</placeholder>
        </field>
        <field type="text" default="" mandatory="true">
            <field_name>join_key</field_name>
            <placeholder>The specified join key</placeholder>
        </field>
        <field type="dropdown" default="" mandatory="true">
            <field_name>join_type</field_name>
            <options>
                <option>INNER</option>
                <option>LEFT_OUTER</option>
                <option>RIGHT_OUTER</option>
                <option>FULL_OUTER</option>
            </options>
        </field>
        <field type="text" default="" mandatory="true">
            <field_name>join_time</field_name>
            <placeholder>The events in a time window are joined</placeholder>
        </field>
        <field type="dropdown" default="" mandatory="true">
            <field_name>join_type_unit</field_name>
            <options>
                <option>SECOND</option>
                <option>MINUTE</option>
                <option>HOUR</option>
            </options>
        </field>
        <field type="text" default="" mandatory="true">
            <field_name>output_name</field_name>
            <placeholder>Output name to be changed</placeholder>
        </field>
    </processor>

    <processor category="filter" node_type="NORMAL" storm_node_type="bolt">
        <name>table</name>
        <class_name>com.sec.kanga.bolt.filter.TableBolt</class_name>
        <md_file>filter_table_processor.md</md_file>
        <field type="text" default="" mandatory="true">
            <field_name>output_name</field_name>
            <placeholder>Output</placeholder>
        </field>
        <field type="text" default="" mandatory="true">
            <field_name>field_name</field_name>
            <placeholder>Enter the fields which you want to filter from tuple. It should be "," seperated</placeholder>
        </field>
        <field type="text" default="" mandatory="true">
            <field_name>field_type</field_name>
            <placeholder>Enter the type for each field separated by ","</placeholder>
        </field>
    </processor>

    <processor category="filter" node_type="NORMAL" storm_node_type="bolt">
        <name>where_clause</name>
        <class_name>com.sec.kanga.bolt.filter.WhereClauseBolt</class_name>
        <md_file>filter_whereclause_processor.md</md_file>
        <field type="text" default="" mandatory="true">
            <field_name>output_name</field_name>
            <placeholder>Output</placeholder>
        </field>
        <field type="textarea" default="" mandatory="true">
            <field_name>condition</field_name>
            <placeholder>Give condition based on which tuples are to be filtered</placeholder>
        </field>
    </processor>

    <processor category="collection" node_type="NORMAL" storm_node_type="bolt">
        <name>percentile_filter</name>
        <class_name>com.sec.kanga.bolt.collection.PercentileFilterBolt</class_name>
        <md_file>collection_percentilefilter_proceessor.md</md_file>
        <field type="text" default="" mandatory="true">
            <field_name>input_field_name</field_name>
            <placeholder>A numeric field used to sort</placeholder>
        </field>
        <field type="dropdown" default="" mandatory="true">
            <field_name>side</field_name>
            <options>
                <option>BOTH</option>
                <option>UPPER</option>
                <option>LOWER</option>
            </options>
        </field>
        <field type="dropdown" default="" mandatory="true">
            <field_name>type</field_name>
            <options>
                <option>INCLUSIVE</option>
                <option>EXCLUSIVE</option>
            </options>
        </field>
        <field type="text" default="" mandatory="true">
            <field_name>percentile</field_name>
            <placeholder>A double value between 0.0 and 1.0</placeholder>
        </field>
        <field type="text" default="" mandatory="true">
            <field_name>output_name</field_name>
            <placeholder>Output name to be changed</placeholder>
        </field>
    </processor>

    <processor category="collection" node_type="NORMAL" storm_node_type="bolt">
        <name>segmentation</name>
        <class_name>com.sec.kanga.bolt.collection.SegmentationBolt</class_name>
        <md_file>collection_segmentation_proceessor.md</md_file>
        <field type="text" default="" mandatory="true">
            <field_name>input_field_names</field_name>
            <placeholder>A comma-separated list of fields to be segmented by</placeholder>
        </field>
        <field type="text" default="" mandatory="true">
            <field_name>output_name</field_name>
            <placeholder>Output name to be changed</placeholder>
        </field>
    </processor>

    <processor category="collection" node_type="NORMAL" storm_node_type="bolt">
        <name>calculate</name>
        <class_name>com.sec.kanga.bolt.collection.CalculateBolt</class_name>
        <md_file>collection_calculate_proceessor.md</md_file>
        <field type="text" default="" mandatory="true">
            <field_name>input_field_name</field_name>
            <placeholder>Field to be calculated</placeholder>
        </field>
        <field type="text" default="" mandatory="false">
            <field_name>groupby_fields</field_name>
            <placeholder>Eg."department, gender"(Group by department and gender)</placeholder>
        </field>
        <field type="text" default="" mandatory="true">
            <field_name>calculate_options</field_name>
            <placeholder>A comma-separated list of calculating options (sum, avg, min, max, count)</placeholder>
        </field>
        <field type="text" default="" mandatory="true">
            <field_name>output_name</field_name>
            <placeholder>Output name to be changed</placeholder>
        </field>
    </processor>

    <processor category="function" node_type="NORMAL" storm_node_type="bolt">
        <name>transaction</name>
        <class_name>com.sec.kanga.bolt.function.TransactionBolt</class_name>
        <md_file>function_transaction_processor.md</md_file>
        <field type="text" default="" mandatory="true">
            <field_name>input_field_names</field_name>
            <placeholder>Fields to be transacted (comma-separated fields. e.g. a,b,c)</placeholder>
        </field>
        <field type="text" default="" mandatory="true">
            <field_name>starts_with</field_name>
            <placeholder>A comma-separated list of string to start a transaction</placeholder>
        </field>
        <field type="text" default="" mandatory="true">
            <field_name>ends_with</field_name>
            <placeholder>A comma-separated list of string to end a transaction</placeholder>
        </field>
        <field type="text" default="" mandatory="true">
            <field_name>max_span</field_name>
            <placeholder>A millisecond for each transaction group from its first event</placeholder>
        </field>
        <field type="text" default="" mandatory="true">
            <field_name>max_pause</field_name>
            <placeholder>A millisecond for each transaction group from its last event</placeholder>
        </field>
        <field type="text" default="" mandatory="true">
            <field_name>output_name</field_name>
            <placeholder>Output name to be changed</placeholder>
        </field>
    </processor>


    <processor category="lookup" node_type="NORMAL" storm_node_type="bolt">
        <name>run_sql</name>
        <class_name>com.sec.kanga.bolt.lookup.RunSqlBolt</class_name>
        <md_file>function_transaction_processor.md</md_file>
        <field type="text" default="" mandatory="true">
            <field_name>max_limit</field_name>
            <placeholder>Max number of rows to retrieve</placeholder>
        </field>
        <field type="text" default="" mandatory="true">
            <field_name>dns</field_name>
            <placeholder>if database is Sqlite, provide full file path (e.g. c:/tmp/example.db)</placeholder>
        </field>
        <field type="text" default="" mandatory="true">
            <field_name>sql_field_name</field_name>
            <placeholder>field name in an incoming event to contain database select query</placeholder>
        </field>
        <field type="text" default="" mandatory="true">
            <field_name>output_name</field_name>
            <placeholder>Output name to be changed</placeholder>
        </field>
    </processor>


    <processor category="function" node_type="NORMAL" storm_node_type="bolt">
        <name>to_zip_file</name>
        <class_name>com.sec.kanga.bolt.sink.ZipFileWriterBolt</class_name>
        <md_file>function_transaction_processor.md</md_file>
        <field type="text" default="" mandatory="true">
            <field_name>path_pattern</field_name>
            <placeholder>full file path with file creation pattern (e.g.
                c:/kanga/sw/kangaIDE/static/machine_logs/analysis_results/result_%YYYYMMdd%_%HHmmss%.csv)
            </placeholder>
        </field>
        <field type="text" default="" mandatory="true">
            <field_name>output_name</field_name>
            <placeholder>Output name to be changed</placeholder>
        </field>
    </processor>

    <processor category="function" node_type="NORMAL" storm_node_type="bolt">
        <name>jittering_join</name>
        <class_name>com.sec.kanga.bolt.function.JitteringJoinBolt</class_name>
        <md_file>function_jitteringjoin_processor.md</md_file>
        <field type="textarea" default="" mandatory="true">
            <field_name>initialize_script</field_name>
            <placeholder>Initial values to the target variables as JSON format</placeholder>
        </field>
        <field type="text" default="" mandatory="true">
            <field_name>max_buffer_mill_sec</field_name>
            <placeholder>Max time buffering in milliseconds (i.e. max buffer size in time)</placeholder>
        </field>
        <field type="text" default="" mandatory="true">
            <field_name>flushing_mill_sec</field_name>
            <placeholder>flushing frequency in milliseconds. (i.e. events are flushed every given milliseconds)
            </placeholder>
        </field>
        <field type="text" default="" mandatory="true">
            <field_name>output_name</field_name>
            <placeholder>Output name to be changed</placeholder>
        </field>
    </processor>

    <processor category="sample" node_type="NORMAL" storm_node_type="bolt">
        <name>first_tick</name>
        <class_name>com.sec.kanga.bolt.sample.FirstTickBolt</class_name>
        <md_file>sample_firsttick_processor.md</md_file>
        <field type="text" default="" mandatory="true">
            <field_name>bucket_size</field_name>
            <placeholder>Give bucket size</placeholder>
        </field>
        <field type="dropdown" default="" mandatory="true">
            <field_name>bucket_unit</field_name>
            <options>
                <option>SECOND</option>
                <option>TICK</option>
            </options>
        </field>
        <field type="dropdown" default="" mandatory="true">
            <field_name>event_type</field_name>
            <options>
                <option>STATIC</option>
                <option>EVENT</option>
            </options>
        </field>
        <field type="text" default="" mandatory="true">
            <field_name>output_name</field_name>
            <placeholder>Output name to be changed</placeholder>
        </field>
    </processor>

    <processor category="sample" node_type="NORMAL" storm_node_type="bolt">
        <name>last_tick</name>
        <class_name>com.sec.kanga.bolt.sample.LastTickBolt</class_name>
        <md_file>sample_lasttick_processor.md</md_file>
        <field type="text" default="" mandatory="true">
            <field_name>bucket_size</field_name>
            <placeholder>Give bucket size</placeholder>
        </field>
        <field type="dropdown" default="" mandatory="true">
            <field_name>bucket_unit</field_name>
            <options>
                <option>SECOND</option>
                <option>TICK</option>
            </options>
        </field>
        <field type="dropdown" default="" mandatory="true">
            <field_name>event_type</field_name>
            <options>
                <option>STATIC</option>
                <option>EVENT</option>
            </options>
        </field>
        <field type="text" default="" mandatory="true">
            <field_name>output_name</field_name>
            <placeholder>Output name to be changed</placeholder>
        </field>
    </processor>

    <processor category="sample" node_type="NORMAL" storm_node_type="bolt">
        <name>random_tick</name>
        <class_name>com.sec.kanga.bolt.sample.RandomTickBolt</class_name>
        <md_file>sample_Randomtick_processor.md</md_file>
        <field type="text" default="" mandatory="true">
            <field_name>bucket_size</field_name>
            <placeholder>Give bucket size</placeholder>
        </field>
        <field type="dropdown" default="" mandatory="true">
            <field_name>bucket_unit</field_name>
            <options>
                <option>SECOND</option>
                <option>TICK</option>
            </options>
        </field>
        <field type="dropdown" default="" mandatory="true">
            <field_name>event_type</field_name>
            <options>
                <option>STATIC</option>
                <option>EVENT</option>
            </options>
        </field>
        <field type="text" default="" mandatory="true">
            <field_name>output_name</field_name>
            <placeholder>Output name to be changed</placeholder>
        </field>
    </processor>

    <processor category="aggregate" node_type="NORMAL" storm_node_type="bolt">
        <name>count</name>
        <class_name>com.sec.kanga.bolt.aggregate.CountBolt</class_name>
        <md_file>aggregate_count_processor.md</md_file>
        <field type="dropdown" default="" mandatory="true">
            <field_name>window_type</field_name>
            <options>
                <option>BATCH</option>
                <option>SLIDING</option>
            </options>
        </field>
        <field type="dropdown" default="" mandatory="true">
            <field_name>window_unit</field_name>
            <options>
                <option>TICK</option>
                <option>SECOND</option>
                <option>MINUTE</option>
                <option>HOUR</option>
            </options>
        </field>
        <field type="text" default="" mandatory="true">
            <field_name>window_size</field_name>
            <placeholder>Eg. 5(TICK or SECOND depending on window unit selected)</placeholder>
        </field>
        <field type="text" default="" mandatory="false">
            <field_name>groupby_fields</field_name>
            <placeholder>Eg."department, gender"(Group by department and gender)</placeholder>
        </field>
        <field type="dropdown" default="" mandatory="true">
            <field_name>output_event_type</field_name>
            <options>
                <option>DATA</option>
                <option>COLLECTION</option>
            </options>
        </field>
        <field type="text" default="" mandatory="true">
            <field_name>output_name</field_name>
            <placeholder>Output name to be changed</placeholder>
        </field>
    </processor>

    <processor category="aggregate" node_type="NORMAL" storm_node_type="bolt">
        <name>sum</name>
        <class_name>com.sec.kanga.bolt.aggregate.SumBolt</class_name>
        <md_file>aggregate_sum_processor.md</md_file>
        <field type="text" default="" mandatory="true">
            <field_name>input_field_name</field_name>
            <placeholder>Eg. "age"(if sum of age needs to be calculated)</placeholder>
        </field>
        <field type="dropdown" default="" mandatory="true">
            <field_name>window_type</field_name>
            <options>
                <option>BATCH</option>
                <option>SLIDING</option>
            </options>
        </field>
        <field type="dropdown" default="" mandatory="true">
            <field_name>window_unit</field_name>
            <options>
                <option>TICK</option>
                <option>SECOND</option>
                <option>MINUTE</option>
                <option>HOUR</option>
            </options>
        </field>
        <field type="text" default="" mandatory="true">
            <field_name>window_size</field_name>
            <placeholder>Eg. 5(TICK or SECOND depending on window unit selected)</placeholder>
        </field>
        <field type="text" default="" mandatory="false">
            <field_name>groupby_fields</field_name>
            <placeholder>Eg."department, gender"(Group by department and gender)</placeholder>
        </field>
        <field type="dropdown" default="" mandatory="true">
            <field_name>output_event_type</field_name>
            <options>
                <option>DATA</option>
                <option>COLLECTION</option>
            </options>
        </field>
        <field type="text" default="" mandatory="true">
            <field_name>output_name</field_name>
            <placeholder>Output name to be changed</placeholder>
        </field>
    </processor>

    <processor category="aggregate" node_type="NORMAL" storm_node_type="bolt">
        <name>stdev</name>
        <class_name>com.sec.kanga.bolt.aggregate.StdevBolt</class_name>
        <md_file>aggregate_stdev_processor.md</md_file>
        <field type="text" default="" mandatory="true">
            <field_name>input_field_name</field_name>
            <placeholder>Eg. "age"(if stdev of age needs to be calculated)</placeholder>
        </field>
        <field type="dropdown" default="" mandatory="true">
            <field_name>window_type</field_name>
            <options>
                <option>BATCH</option>
                <option>SLIDING</option>
            </options>
        </field>
        <field type="dropdown" default="" mandatory="true">
            <field_name>window_unit</field_name>
            <options>
                <option>TICK</option>
                <option>SECOND</option>
                <option>MINUTE</option>
                <option>HOUR</option>
            </options>
        </field>
        <field type="text" default="" mandatory="true">
            <field_name>window_size</field_name>
            <placeholder>Eg. 5(TICK or SECOND depending on window unit selected)</placeholder>
        </field>
        <field type="text" default="" mandatory="false">
            <field_name>groupby_fields</field_name>
            <placeholder>Eg."department, gender"(Group by department and gender)</placeholder>
        </field>
        <field type="dropdown" default="" mandatory="true">
            <field_name>output_event_type</field_name>
            <options>
                <option>DATA</option>
                <option>COLLECTION</option>
            </options>
        </field>
        <field type="text" default="" mandatory="true">
            <field_name>output_name</field_name>
            <placeholder>Output name to be changed</placeholder>
        </field>
    </processor>

    <processor category="aggregate" node_type="NORMAL" storm_node_type="bolt">
        <name>average</name>
        <class_name>com.sec.kanga.bolt.aggregate.AverageBolt</class_name>
        <md_file>aggregate_average_processor.md</md_file>
        <field type="text" default="" mandatory="true">
            <field_name>input_field_name</field_name>
            <placeholder>Eg. "age"(if average of age needs to be calculated)</placeholder>
        </field>
        <field type="dropdown" default="" mandatory="true">
            <field_name>window_type</field_name>
            <options>
                <option>BATCH</option>
                <option>SLIDING</option>
            </options>
        </field>
        <field type="dropdown" default="" mandatory="true">
            <field_name>window_unit</field_name>
            <options>
                <option>TICK</option>
                <option>SECOND</option>
                <option>MINUTE</option>
                <option>HOUR</option>
            </options>
        </field>
        <field type="text" default="" mandatory="true">
            <field_name>window_size</field_name>
            <placeholder>Eg. 5(TICK or SECOND depending on window unit selected)</placeholder>
        </field>
        <field type="text" default="" mandatory="false">
            <field_name>groupby_fields</field_name>
            <placeholder>Eg."department, gender"(Group by department and gender)</placeholder>
        </field>
        <field type="dropdown" default="" mandatory="true">
            <field_name>output_event_type</field_name>
            <options>
                <option>DATA</option>
                <option>COLLECTION</option>
            </options>
        </field>
        <field type="text" default="" mandatory="true">
            <field_name>output_name</field_name>
            <placeholder>Output name to be changed</placeholder>
        </field>
    </processor>

    <processor category="aggregate" node_type="NORMAL" storm_node_type="bolt">
        <name>calculate</name>
        <class_name>com.sec.kanga.bolt.aggregate.CalculateBolt</class_name>
        <md_file>aggregate_calculate_processor.md</md_file>
        <field type="text" default="" mandatory="true">
            <field_name>input_field_name</field_name>
            <placeholder>Eg. "age"(Field to be calculated)</placeholder>
        </field>
        <field type="dropdown" default="" mandatory="true">
            <field_name>window_type</field_name>
            <options>
                <option>BATCH</option>
                <option>SLIDING</option>
            </options>
        </field>
        <field type="dropdown" default="" mandatory="true">
            <field_name>window_unit</field_name>
            <options>
                <option>TICK</option>
                <option>SECOND</option>
                <option>MINUTE</option>
                <option>HOUR</option>
            </options>
        </field>
        <field type="text" default="" mandatory="true">
            <field_name>window_size</field_name>
            <placeholder>Eg. 5(TICK or SECOND depending on window unit selected)</placeholder>
        </field>
        <field type="text" default="" mandatory="false">
            <field_name>groupby_fields</field_name>
            <placeholder>Eg."department, gender"(Group by department and gender)</placeholder>
        </field>
        <field type="text" default="" mandatory="true">
            <field_name>calculate_options</field_name>
            <placeholder>A comma-separated list of calculating options(SUM, AVERAGE, COUNT, STDEV, MIN, MAX)
            </placeholder>
        </field>
        <field type="dropdown" default="" mandatory="true">
            <field_name>output_event_type</field_name>
            <options>
                <option>DATA</option>
                <option>COLLECTION</option>
            </options>
        </field>
        <field type="text" default="" mandatory="true">
            <field_name>output_name</field_name>
            <placeholder>Output name to be changed</placeholder>
        </field>
    </processor>


    <!--****************Smart Factory Start****************-->
    <processor category="cnc" node_type="SOURCE" storm_node_type="spout">
        <name>cnc_file</name>
        <class_name>com.sec.kanga.bolt.cnc.CNCFileSpout</class_name>
        <md_file>source_iitterioinspout_processor.md</md_file>
        <field type="text" default="C:\\CNC_input\\r_mach_kafka.txt" mandatory="true">
            <field_name>file_path</field_name>
            <placeholder>full file path</placeholder>
        </field>
    </processor>
    <processor category="cnc" node_type="NORMAL" storm_node_type="bolt">
        <name>cnc_sync</name>
        <class_name>com.sec.kanga.bolt.cnc.CNCSyncBolt</class_name>
        <md_file>source_iitterioinspout_processor.md</md_file>
        <field type="text" default="100" mandatory="true">
            <field_name>max_buffer_size_1ms</field_name>
            <placeholder>The size of the buffer for 1ms data</placeholder>
        </field>
        <field type="text" default="1000" mandatory="true">
            <field_name>max_buffer_size_random</field_name>
            <placeholder>The size of the buffer for random data</placeholder>
        </field>
        <field type="text" default="50" mandatory="true">
            <field_name>max_data_size</field_name>
            <placeholder>The size of the buffer for jittering</placeholder>
        </field>
    </processor>
    <processor category="cnc" node_type="NORMAL" storm_node_type="bolt">
        <name>cnc_to_json</name>
        <class_name>com.sec.kanga.bolt.cnc.CNCtoJSONBolt</class_name>
        <md_file>source_iitterioinspout_processor.md</md_file>
        <field type="text" default="" mandatory="true">
            <field_name>input_field_names</field_name>
            <placeholder>Fields to be jittered (comma-separated fields. e.g. a,b,c)</placeholder>
        </field>
    </processor>
    <processor category="cnc" node_type="NORMAL" storm_node_type="bolt">
        <name>log_collector</name>
        <class_name>com.sec.kanga.bolt.cnc.LogCollectorBolt</class_name>
        <md_file>sink_logcollector_processor.md</md_file>
        <field type="text" default="" mandatory="true">
            <field_name>log_file_root_directory</field_name>
            <placeholder>full directory path to write log</placeholder>
        </field>
        <field type="text" default="" mandatory="true">
            <field_name>machine_id_field_name</field_name>
            <placeholder>the field name of machine id to logging</placeholder>
        </field>
        <field type="text" default="" mandatory="true">
            <field_name>date_field_name</field_name>
            <placeholder>the field name of date to logging</placeholder>
        </field>
        <field type="text" default="" mandatory="true">
            <field_name>cycle_field_name</field_name>
            <placeholder>the field name of cycle to logging</placeholder>
        </field>
        <field type="dropdown" default="" mandatory="true">
            <field_name>file_format</field_name>
            <options>
                <option>CSV</option>
                <option>JSON</option>
            </options>
        </field>
        <field type="text" default="" mandatory="true">
            <field_name>output_name</field_name>
            <placeholder>Output name to be changed</placeholder>
        </field>
    </processor>


    <processor category="cnc" node_type="SINK" storm_node_type="bolt">
        <name>dummy</name>
        <class_name>com.sec.kanga.bolt.cnc.DummyBolt</class_name>
        <md_file>sink_logcollector_processor.md</md_file>
    </processor>

    <processor category="output_stream" node_type="SINK" storm_node_type="bolt">
        <name>raw_to_file</name>
        <class_name>com.sec.kanga.bolt.sink.RawToFile</class_name>
        <md_file>sink_savetofile_processor.md</md_file>
        <field type="text" default="" mandatory="true">
            <field_name>output_file_path</field_name>
            <placeholder>full file path to write</placeholder>
        </field>
    </processor>

    <processor category="output_stream" node_type="SINK" storm_node_type="bolt">
        <name>json_to_csv_file</name>
        <class_name>com.sec.kanga.bolt.sink.JsonToCsvFile</class_name>
        <md_file>sink_savetofile_processor.md</md_file>
        <field type="text" default="" mandatory="true">
            <field_name>output_file_path</field_name>
            <placeholder>full file path to write</placeholder>
        </field>
        <field type="text" default="" mandatory="true">
            <field_name>input_field_names</field_name>
            <placeholder>Fields to be jittered (comma-separated fields. e.g. a,b,c)</placeholder>
        </field>
    </processor>
    <!--****************Smart Factory End****************-->
</library>
