<?xml version="1.0" encoding="UTF-8" standalone="yes"?>
<m2m:conf xmlns:m2m="http://www.onem2m.org/xml/protocols" xmlns:xsi="http://www.w3.org/2001/XMLSchema-instance">
    <cse>
        <cbhost>10.240.245.124</cbhost>
        <cbport>7590</cbport>
        <cbname>mobius</cbname>
    </cse>
<!--    <ae>
        <appid>0.2.481.1.0001.001.829</appid>
        <appname>ryeubi2</appname>
        <appport>9727</appport>  for notification through http 
        <appprotocol>xml</appprotocol>
        <tasport>3105</tasport>
    </ae>-->
    <ae>
        <appid>0.2.481.1.0001.001.75791244</appid>
        <!--<appid>Kanga_10.251.20.120</appid>-->
        <appname>Kanga</appname>
        <appport>9726</appport>
        <appprotocol>xml</appprotocol>
        <tasport>7622</tasport>
    </ae>
    <cnt>
        <parentpath>/Kanga</parentpath>
        <ctname>Kanga_10.251.21.98</ctname>
    </cnt>
    <cnt>
        <parentpath>/Kanga</parentpath>
        <ctname>cnt_2</ctname>
    </cnt>
    <sub>
        <parentpath>/Kanga/cnt_2</parentpath>
        <subname>sub_4</subname>
        <nu>mqtt://AUTOSET</nu>
        <!--<nu>http://autoset/notification</nu>-->
    </sub>
</m2m:conf>
